	accuracy	cost	best_accuracy	reg
0	0.4182	1.8997579463676793	0.4182	0.0746
1	0.4968	1.6641587629607415	0.4968	0.022
2	0.521	1.523340102934197	0.521	0.0075
3	0.5158	1.5683665073939292	0.5158	0.0116
4	0.4514	1.790270851122468	0.4514	0.0432
5	0.52	1.545545388592639	0.52	0.0094
6	0.4016	1.9390270818747803	0.4018	0.091
7	0.4328	1.855103315735843	0.4328	0.0594
8	0.5194	1.4780471131625614	0.5194	0.0037
9	0.5226	1.4635982345843142	0.5228	0.0028
10	0.5252	1.4131710626014926	0.5254	0.0009
