	accuracy	cost	best_accuracy	reg
0	0.5192	1.4052830597735346	0.5192	0.0006
1	0.5272	1.416078394840974	0.5272	0.00078
2	0.5312	1.4220108367308568	0.5322	0.0009599999999999999
3	0.52	1.4316655830955394	0.5222	0.00114
4	0.5246	1.4406687517535943	0.5246	0.00132
5	0.5242	1.4406509927572528	0.5246	0.0015
