	accuracy	cost	best_accuracy	reg
0	0.5134	1.5896067709465591	0.5134	0.0746
1	0.5338	1.48179294081865	0.5338	0.022
2	0.5418	1.4406895905387076	0.5438	0.0075
3	0.5428	1.4465162339319857	0.5428	0.0116
4	0.5234	1.5384656457123815	0.5234	0.0432
5	0.5468	1.4394323072416828	0.5468	0.0094
6	0.5024	1.6156677271832645	0.5024	0.091
7	0.5176	1.5684523856018424	0.5176	0.0594
8	0.5456	1.436414797301424	0.5456	0.0037
9	0.5422	1.4424311216619237	0.5422	0.0028
10	0.539	1.4275579832523373	0.539	0.0009
